<?xml version="1.0" encoding="UTF-8"?>
<project-private xmlns="http://www.netbeans.org/ns/project-private/1">
    <editor-bookmarks xmlns="http://www.netbeans.org/ns/editor-bookmarks/2" lastBookmarkId="0"/>
    <open-files xmlns="http://www.netbeans.org/ns/projectui-open-files/2">
        <group>
            <file>file:/R:/Desktop/InterfaceBot/src/ParseXML.java</file>
            <file>file:/R:/Desktop/InterfaceBot/src/ThreadBot.java</file>
            <file>file:/R:/Desktop/InterfaceBot/src/OpenStreetMap.java</file>
            <file>file:/R:/Desktop/InterfaceBot/src/CSVfile.java</file>
            <file>file:/R:/Desktop/InterfaceBot/src/JUtente.java</file>
            <file>file:/R:/Desktop/InterfaceBot/src/FBot.java</file>
            <file>file:/R:/Desktop/InterfaceBot/src/JPlace.java</file>
        </group>
    </open-files>
</project-private>
